{
  "BLACKSMITH ": {
    "text": "BLACKSMITH FAN:-- I want to become Blacksmith but this city doesn't allow females to become Blacksmith how sexist? This city is full of racism and superstitions but, i will not give up on my dreams just because people tell me to :-) I will keep pursuing my dreams until I COMPLETE THEM! I will change this city and make a better future for all the females in this city ;) I will encourage them to pursue their dreams. #girlsarenotonlyhousewives",
    "maxPage": 3,
    "x": -336,
    "y": 672,
    "width": 12,
    "height": 16,
    "direction": 3,
    "spritePath": "/sprites/womanSheet.png",
    "tombText": "hello i am ded",
    "tombId": 3,
    "isSign": false
  },
  "MIKE": {
    "text": "MIKE:-- This world don't like me ;( everyone HATES me! I think they don't like me because i am different ;( They don't like me because i belong to a different relegion than them. What kind of justice is that? I have always been nice to people and never said them a thing even after hearing soo much. Some people even accuse me for the murder because i don't belong to this city neither i have the same relegion ;( This City is very racist. The main person who accuses me the most is the Charlie's friend. Me and Will's family are very sus on him. But i won't accuse a random person without a lot of knowledge so, there is only 5% or even less percent chance that he is a murder. And i still try to maintain good relationship with them. But they don't want me to be friends with them ;( What kind of people even are they?",
    "maxPage": 6,
    "x": -602,
    "y": 320,
    "width": 11,
    "height": 16,
    "direction": 0,
    "spritePath": "/sprites/baldSheet.png",
    "tombText": "hello i am ded",
    "tombId": 4,
    "isSign": false
  },
  "ALL KNOWING MAN'S DAUGHTER rd": {
    "text": "ALL KNOWING MAN'S DAUGHTER :-- Hehe ;) i know that my father is the most intelligent person in the world so, you have not to tell me. He earns thousands of dollars everyday by solving people's problems and he is the most famous person in this city too! i am glad that i am his daughter.",
    "maxPage": 2,
    "x": 16,
    "width": 13,
    "height": 17,
    "direction": 0,
    "spritePath": "/sprites/averageWomanSheet.png",
    "tombText": "?",
    "tombId": 4,
    "isSign": false,
    "y": 1152
  },
  "INN KEEPER rd": {
    "text": "hello bro how are you !!! ??!?!",
    "maxPage": 1,
    "x": 320,
    "y": 992,
    "width": 12,
    "height": 16,
    "direction": 0,
    "spritePath": "/sprites/womanSheet.png",
    "tombText": "hello i am ded",
    "tombId": 0,
    "isSign": false
  },
  "WEAPON SHOP KEEPER rd": {
    "text": "hello bro how are you !!! ??!?!",
    "maxPage": 1,
    "x": 272,
    "y": 1290,
    "width": 11,
    "height": 18,
    "direction": 0,
    "spritePath": "/sprites/oldManSheet.png",
    "tombText": "hello i am ded",
    "tombId": 0,
    "isSign": false
  },
  "ARMOUR SHOP KEEPER rd": {
    "text": "hello bro how are you !!! ??!?!",
    "maxPage": 1,
    "x": -384,
    "y": 1232,
    "width": 11,
    "height": 16,
    "direction": 0,
    "spritePath": "/sprites/baldSheet.png",
    "tombText": "hello i am ded",
    "tombId": 0,
    "isSign": false
  },
  "ArmorShop CC rd": {
    "text": "RANDOM ARMOUR SHOP PERSON:-- This Shop is getting a lot of sales after the murder happened. Looks like everyone is scared for their lives therefore they are buying armours and stuff from this shop. I wonder if the shop keeper is related to the murder somehow...",
    "maxPage": 2,
    "x": -288,
    "y": 1280,
    "width": 15,
    "height": 17,
    "direction": 3,
    "spritePath": "/sprites/soldierSheet.png",
    "tombText": "Looks Like The Armour Doesn't Work Very Well.",
    "tombId": 2,
    "isSign": false
  },
  "INN CC rd": {
    "text": "RANDOM INN PERSON:-- Man this place is soo good and i really like sleeping here. I wish for David to bring a couple of Beer bottles here ;) THAT WOULD BE HEAVEN!",
    "maxPage": 1,
    "x": 448,
    "y": 912,
    "width": 13,
    "height": 17,
    "direction": 0,
    "spritePath": "/sprites/averageManSheet.png",
    "tombText": "Just Drop Drop A Couple Of Beer Bottles In My Tomb ;)",
    "tombId": 3,
    "isSign": false
  },
  "WeaponShop CC rd": {
    "text": "RANDOM WEAPON SHOP PERSON:-- Do you know this man?      This man sold weapon To The KILLER :0 :O This Shop must be closed to stop Murders from happening.",
    "maxPage": 1,
    "x": 368,
    "y": 1344,
    "width": 15,
    "height": 17,
    "direction": 3,
    "spritePath": "/sprites/farmerSheet.png",
    "tombText": "I TOLD YOU THAT THIS SHOP MUST BE CLOSED!",
    "tombId": 4,
    "isSign": false
  },
  "Will rd": {
    "text": "WILL :-- I think that the so called \"Friend\" of Charlie is the killer cz he is bald and i am pretty sure you know what Charlie's brother said. His wife is also covering up the crime so, don't trust them.",
    "maxPage": 2,
    "x": 320,
    "y": 288,
    "width": 13,
    "height": 17,
    "direction": 0,
    "spritePath": "/sprites/averageManSheet.png",
    "tombText": "So Do You Still Trust That Monster?",
    "tombId": 4,
    "isSign": false
  },
  "Will'sChild rd": {
    "text": "WILL'S CHILD:-- aga aga.. . Baga bah. Bo boo.",
    "maxPage": 1,
    "x": 466,
    "y": 393,
    "width": 11,
    "height": 16,
    "direction": 0,
    "spritePath": "/sprites/baldSheet.png",
    "tombText": "So Do You Still Trust That Monster?",
    "tombId": 4,
    "isSign": false
  },
  "Will'sWife rd": {
    "text": "WILL'S WIFE:-- My child is disabled so, he doesn't talk a lot ;( i wish that he has a good future. You know that man.. that damn Charlie used to mock my kid but still after hearing that he has gone from this world, i really feel bad for him as well as his family. ",
    "maxPage": 2,
    "x": 592,
    "y": 384,
    "width": 13,
    "height": 17,
    "direction": 3,
    "spritePath": "/sprites/averageWomanSheet.png",
    "tombText": "I Wish A Good Future For My Child.",
    "tombId": 0,
    "isSign": false
  },
  "Charlie'sFriend rd": {
    "text": "CHARLIE'S FRIEND:-- That Will accused me didn't he? This is what make me sus on him cz I am literally Charlie's best friend! I am literally being accused because i am bald, WHAT THE HELL DOES THIS EVEN MEAN!?! Theat man is either covering up the crime or he is the killer himself!",
    "maxPage": 2,
    "x": -128,
    "y": 864,
    "width": 11,
    "height": 16,
    "direction": 3,
    "spritePath": "/sprites/baldSheet.png",
    "tombText": "Why The Hell Did You Kill Me? Cz I was Bald? If That Is The Reason Than Go And Kill MIKE he even has a SWORD.",
    "tombId": 1,
    "isSign": false
  },
  "Charlie'sFriend'sWife rd": {
    "text": "CHARLIE'S FRIEND'S WIFE:-- Trust me that my husband really is the best friend of Charlie and that is a fact no matter what. They went to a lot of trips together. There is no way my husband murdered him!",
    "maxPage": 2,
    "x": 16,
    "y": 848,
    "width": 13,
    "height": 17,
    "direction": 2,
    "spritePath": "/sprites/averageWomanSheet.png",
    "tombText": "Kill That Mike Not Me You Ugly Soldier",
    "tombId": 2,
    "isSign": false
  },
  "Charlie'sBrother'sWife rd": {
    "text": "CHARLIE'S BROTHER'S WIFE:-- May Charlie's soul find peace ;(",
    "maxPage": 1,
    "x": 480,
    "y": 736,
    "width": 12,
    "height": 16,
    "direction": 1,
    "spritePath": "/sprites/womanSheet.png",
    "tombText": "May My Soul Find Peace?",
    "tombId": 3,
    "isSign": false
  },
  "Charlie'sBrother rd": {
    "text": "CHARLIE'S BROTHER:-- I saw a man coming out of the weapon shop with a sword in the exact date my brother was killed So, i am very sus on that guy, he was a bald man so, keep that in mind.",
    "maxPage": 2,
    "x": 352,
    "y": 624,
    "width": 13,
    "height": 17,
    "direction": 2,
    "spritePath": "/sprites/averageManSheet.png",
    "tombText": "Why did you kill me? i wanted to take revenge!",
    "tombId": 0,
    "isSign": false
  },
  "ALL KNOWING MAN'S SON rd": {
    "text": "ALL KNOWING MAN'S SON:-- My Satan i hate reading books but my father forces me to study ;( I want to become soldier and fight for my country just like you. I hope my father understands me and let me pursue my dreams :-|",
    "maxPage": 2,
    "x": -112,
    "y": 1168,
    "width": 13,
    "height": 17,
    "spritePath": "/sprites/averageManSheet.png",
    "tombText": "?",
    "tombId": 2,
    "isSign": false,
    "direction": 1
  },
  "Investigator rd": {
    "text": "INVESTIGATOR:-- Hi, I am investigating this cliff area, this is where the murder happened :O So scary right? I hope i find some clues ASAP.",
    "maxPage": 1,
    "x": 224,
    "y": 16,
    "width": 15,
    "height": 17,
    "direction": 1,
    "spritePath": "/sprites/soldierSheet.png",
    "tombText": "Man WHY THE HEAVEN DID YOU KILL ME? I WAS INVESTIGATING!",
    "tombId": 2,
    "isSign": false
  },
  "TreeMan rd": {
    "text": "TREE MAN:-- Hehe I like trees so, i am on top of one ;) well i have climbed it but i can't figure out how to get down. What should I do now?",
    "maxPage": 1,
    "x": 24,
    "y": 495,
    "width": 15,
    "height": 17,
    "direction": 0,
    "spritePath": "/sprites/farmerSheet.png",
    "tombText": "Well How Did You Get Up To The Tree To Kill Me?",
    "tombId": 4,
    "isSign": false
  },
  "Sasha rd": {
    "text": "SASHA:-- Let me eat my potatoes i bought them in 60% offer so, don't you dare steal them",
    "maxPage": 1,
    "x": -582,
    "y": 1031,
    "width": 12,
    "height": 16,
    "direction": 3,
    "spritePath": "/sprites/womanSheet.png",
    "tombText": "Some Of My Potatoes Were Left But You Didn't Let Me Eat Them >:(",
    "tombId": 1,
    "isSign": false
  },
  "Randomwoman 4 rd": {
    "text": "Don't annoy me.",
    "maxPage": 1,
    "x": -597,
    "y": 677,
    "width": 12,
    "height": 16,
    "direction": 1,
    "spritePath": "/sprites/womanSheet.png",
    "tombText": "lived from --- to --- ",
    "tombId": 4,
    "isSign": false
  },
  "Randomwoman 5 rd": {
    "text": "Don't annoy me.",
    "maxPage": 1,
    "x": -245,
    "y": 467,
    "width": 13,
    "height": 17,
    "direction": 0,
    "spritePath": "/sprites/averageWomanSheet.png",
    "tombText": "lived from --- to --- ",
    "tombId": 2,
    "isSign": false
  },
  "RandomSol 6 rd": {
    "text": "I am patrolling the city right now. I don't have time to talk. ",
    "maxPage": 1,
    "x": 16,
    "y": 432,
    "width": 15,
    "height": 17,
    "direction": 2,
    "spritePath": "/sprites/soldierSheet.png",
    "tombText": "lived from --- to --- ",
    "tombId": 3,
    "isSign": false
  },
  "Randomfarmer rd": {
    "text": "I am a farmer but there is no farmer in this city so what do I do now??",
    "maxPage": 1,
    "x": -536,
    "y": 54,
    "width": 15,
    "height": 17,
    "direction": 0,
    "tombText": "lived from --- to --- ",
    "tombId": 1,
    "isSign": false,
    "spritePath": "/sprites/farmerSheet.png"
  },
  "RandomMan (3) rd": {
    "text": "Killing people gives you speed boost right? This is what most people think but, this is not true. You actually run fast after killing so, that no one can see you murdered someone. Idk who has spread rumours about getting speed boost after killing \\_(-_-)_/",
    "maxPage": 2,
    "x": 264,
    "y": 565,
    "width": 11,
    "height": 16,
    "direction": 3,
    "spritePath": "/sprites/baldSheet.png",
    "tombText": "Bruh For Speed Boost? Or Are You Running Away From The Tomb :O",
    "tombId": 3,
    "isSign": false
  },
  "RandomMan (3) -checking that's house rd": {
    "text": "Last time when I was crossing this area this brick wall was not here. How it suddenly appeared out of think air?",
    "maxPage": 1,
    "x": -288,
    "y": 912,
    "width": 11,
    "height": 16,
    "direction": 3,
    "spritePath": "/sprites/baldSheet.png",
    "tombText": "Looks like now I am left with this brick of wall for centuries.",
    "tombId": 3,
    "isSign": false
  },
  "RandomMan (2) rd": {
    "text": "What the actual heaven even Is Kutta? He is a soldier who talks in a very wierd language? This City really is cursed (ö_ö;)",
    "maxPage": 1,
    "x": 23,
    "y": 721,
    "width": 13,
    "height": 17,
    "direction": 0,
    "spritePath": "/sprites/averageManSheet.png",
    "tombText": "Did You Kill Me For Speed Boost?",
    "tombId": 0,
    "isSign": false
  },
  "Kutta rd": {
    "text": "KUTTA:-- bhau bhau ham kutta hai hamse jhagda mat karo tumra khun phek dega haaauuuuuuuuu",
    "maxPage": 1,
    "x": -554,
    "y": 1456,
    "width": 15,
    "height": 17,
    "direction": 2,
    "spritePath": "/sprites/soldierSheet.png",
    "tombText": "Woof Woof Imma Doooggyyy",
    "tombId": 0,
    "isSign": false
  },
  "RandomMan(1) rd": {
    "text": "You Know That Curious Man? He has a lot of questions. I wonder why he doesn't talk to all knowing man to clear his doubts. That \"All Knowing Man\" literally knows everything. Make sure to ask him if you have any doubts.",
    "maxPage": 2,
    "x": -160,
    "y": 1165,
    "width": 13,
    "height": 17,
    "direction": 2,
    "spritePath": "/sprites/averageManSheet.png",
    "tombText": "Why The Heaven Are You Killing People",
    "tombId": 2,
    "isSign": false
  },
  "RandomMan asking all knowing rd": {
    "text": "I just want to ask all knowing man about my farming problems but he is not allowing me to enter his room. Now what can I do?",
    "maxPage": 1,
    "x": -80,
    "y": 1136,
    "width": 15,
    "height": 17,
    "direction": 1,
    "spritePath": "/sprites/farmerSheet.png",
    "tombText": "Why The Heaven Are You Killing People",
    "tombId": 2,
    "isSign": false
  },
  "David": {
    "text": "DAVID:-- Hehe :) are you wondering why is my house connected \"That's\" house? Well you can see that \"That\" is a rich man because he has a lot of barrels and pots in his store room. Do you even have an idea what he stores in them? GOLD ;) I have connected my house to his house so that I can do some \"Hipity hopity Your GOLD is now my property\"(Giggle). Anyways That man is foolish, he never visits his store room but, that's good for me actually ;) You know i am a POOR man ;(",
    "maxPage": 4,
    "x": -320,
    "y": 848,
    "width": 13,
    "height": 17,
    "direction": 0,
    "spritePath": "/sprites/averageManSheet.png",
    "tombText": "Stole more than $10 Million worth of gold but yet didn't repair his broken window :O",
    "tombId": 3,
    "isSign": false
  },
  "That": {
    "text": "THAT:-- Do you have any work with me? Don't annoy me i am rich and rich people don't have enough time to waste.... .. . What did you say? Why don't i visit my store room? Well Because I Am A BUSY man SO DON'T YOU DARE ANNOY MEEEE!! ‡-(",
    "maxPage": 2,
    "x": -464,
    "y": 976,
    "width": 11,
    "height": 16,
    "direction": 0,
    "spritePath": "/sprites/baldSheet.png",
    "tombId": 2,
    "isSign": false,
    "tombText": "Earned 1 Trillion Dollars But Never Donated A Penny To Charity \\(*o*)/"
  },
  "David's Wife": {
    "text": "DAVID'S WIFE:-- My husband is a thief and i hate his actions ;( but what else can we do?.. . We are poor damn it! The main thing that requires most money is the beer me and my husband drinks. It's $499 per bottle. So to drink we have to spend $1000 per day So how will we get that without stealing?... .. . What did you ask? Why we drink? IF WE DON'T WE WILL DIE YOU FOOL!",
    "maxPage": 3,
    "x": -464,
    "y": 848,
    "width": 13,
    "height": 17,
    "direction": 3,
    "spritePath": "/sprites/averageWomanSheet.png",
    "tombId": 4,
    "isSign": false,
    "tombText": "Never Told His Husband To Repair The Broken Window \\(-_-)/"
  },
  "Charlie's Father": {
    "text": "CHARLIE'S FATHER:-- *Cough* What do you want to know?.. . *cought* About my son Charlie?.. H.. h.he..is ded ;-( Man WHY? What mistake *Cough* *couh* did my child make? This world is cruel as hell! The Killer Must Be An *coughh* Enemy Of My Son. Perhaps his neighbour... . Who knows? *cough* *cough*.....",
    "maxPage": 2,
    "x": 432,
    "y": 512,
    "width": 11,
    "height": 18,
    "direction": 2,
    "spritePath": "/sprites/oldManSheet.png",
    "tombText": "Age 80 years (his son died 1 year ago)",
    "tombId": 0,
    "isSign": false
  },
  "All Knowing Man rd": {
    "text": "ALL KNOWING MAN:-- I literally know everything in this world, i am the most intelligent person in this entire world. I have read over a 100 books on \"LifeStyle, Psychology, Science, Maths and a hell lot of other stuff\" Hehe ;) Do you have any problems with your life? What? Murder Mystery? hmm... let me see.. the killer is.... THE MAN WHO KILLED CHARLIE! I hope my answer helps you.",
    "maxPage": 3,
    "x": -48,
    "y": 1072,
    "width": 11,
    "height": 18,
    "direction": 0,
    "spritePath": "/sprites/oldManSheet.png",
    "tombText": "Ok I Will Tell You Who The Killer Is... ITS THE MAN WHO KILLED CHARLIE! :O",
    "tombId": 1,
    "isSign": false
  },
  "City INTRO Sign": {
    "text": "So You Have Downloaded The 0.2 Version Of The Portal To Hell. Thanks For Downloading This And  Please Don't Forget To Give Your Honest Review After Playing This Game. In This Version Of The Game There Is Only One Thing You Can Do And That Is CHATTING. So To Make That Stuff Fun We Have Added Some Kind Of Murder Mystery In The Game So, Make Sure To Solve The Murder Mystery And Tell Us Who The Killer Is In Discord!",
    "maxPage": 3,
    "x": -66,
    "y": 620,
    "width": 16,
    "height": 16,
    "direction": 0,
    "spritePath": "/sprites/signSheet.png",
    "tombText": "Fok",
    "tombId": 0,
    "isSign": true
  },
  "Inn sign": {
    "text": "INN ",
    "x": 352,
    "y": 1088,
    "width": 16,
    "height": 16,
    "direction": 0,
    "spritePath": "/sprites/signSheet.png",
    "tombText": "Fok",
    "tombId": 0,
    "isSign": true,
    "maxPage": 1
  },
  "armorShop sign ": {
    "text": "Armor Shop",
    "x": -352,
    "y": 1360,
    "width": 16,
    "height": 16,
    "direction": 0,
    "spritePath": "/sprites/signSheet.png",
    "tombText": "Fok",
    "tombId": 0,
    "isSign": true,
    "maxPage": 1
  },
  "weaponShop sign ": {
    "text": "Weapon Shop",
    "x": 304,
    "y": 1424,
    "width": 16,
    "height": 16,
    "direction": 0,
    "spritePath": "/sprites/signSheet.png",
    "tombText": "Fok",
    "tombId": 0,
    "isSign": true,
    "maxPage": 1
  },
  "all Knowing man's house sign": {
    "text": "This is the house of all Knowing man ",
    "x": -16,
    "y": 1232,
    "width": 16,
    "height": 16,
    "direction": 0,
    "spritePath": "/sprites/signSheet.png",
    "tombText": "Fok",
    "tombId": 0,
    "isSign": true,
    "maxPage": 1
  },
  "bhikari house sign": {
    "text": "Bhikari ka Ghar (beggar's house)",
    "x": -32,
    "y": 368,
    "width": 16,
    "height": 16,
    "direction": 0,
    "spritePath": "/sprites/signSheet.png",
    "tombText": "Fok",
    "tombId": 0,
    "isSign": true,
    "maxPage": 1
  },
  "sea sign": {
    "text": "Don't go inside the pond or else you will be eaten by the SATAN",
    "x": 448,
    "y": 1200,
    "width": 16,
    "height": 16,
    "direction": 1,
    "spritePath": "/sprites/signSheet.png",
    "tombText": "Fok",
    "tombId": 0,
    "isSign": true,
    "maxPage": 1
  },
  "sea sign 1": {
    "text": "Don't go inside the pond or else you will be eaten by the SATAN",
    "x": 592,
    "y": 1280,
    "width": 16,
    "height": 16,
    "direction": 0,
    "spritePath": "/sprites/signSheet.png",
    "tombText": "Fok",
    "tombId": 0,
    "isSign": true,
    "maxPage": 1
  },
  "sea sign 2": {
    "text": "Don't go inside the pond or else you will be eaten by the SATAN",
    "x": 752,
    "y": 1200,
    "width": 16,
    "height": 16,
    "direction": 1,
    "spritePath": "/sprites/signSheet.png",
    "tombText": "Fok",
    "tombId": 0,
    "isSign": true,
    "maxPage": 1
  },
  "sea sign 3": {
    "text": "Don't go inside the pond or else you will be eaten by the SATAN",
    "x": 608,
    "y": 1088,
    "width": 16,
    "height": 16,
    "direction": 2,
    "spritePath": "/sprites/signSheet.png",
    "tombText": "Fok",
    "tombId": 0,
    "isSign": true,
    "maxPage": 1
  },
  "PoorMan": {
    "text": "POORMAN:-- I am a poor man who lives his life by cutting and selling wood :-( How can a person like me be of any use to you? Atleast i am better than David who steals for drinking beer. Damn My life :( I am also an alone person ;( poor me I DON'T EVEN HAVE A NAME.....",
    "maxPage": 2,
    "x": -32,
    "y": 304,
    "width": 15,
    "height": 17,
    "direction": 1,
    "spritePath": "/sprites/farmerSheet.png",
    "tombText": "Thanks for freeing me from that hell ;) I am soo happy",
    "tombId": 3,
    "isSign": false
  },
  "CuriousMan": {
    "text": "CURIOUSMAN:--- Hey soldier! Do you know something? This city is wierd. I guess you never may have noticed but, have you ever noticed that there are no children in this city. We are also covered by trees and lake. There is no black man in this city too (How Racist). Have you ever watched the anime \"The Promised Neverland\"? In that anime the children are also covered. Wait, How Do I Even Know About Animes? AREN'T WE IN MEDIAEVAL ERA!?!? \\(•o•)/",
    "maxPage": 3,
    "x": 760,
    "y": -46,
    "width": 11,
    "height": 16,
    "direction": 2,
    "spritePath": "/sprites/baldSheet.png",
    "tombText": "lol isn't it wierd how a tomb was placed just after i was killed? Who Placed The Tomb Me Or You? \\(•o•)/",
    "tombId": 0,
    "isSign": false
  },
  "That's Wife": {
    "text": "THAT'S WIFE:-- Hi, Sorry if my husband scolded you or something he is kinda busy and gets frustrated a bit early but he is not a bad man :-) Forgive his actions and become friends with him.",
    "maxPage": 2,
    "x": -416,
    "y": 1040,
    "width": 12,
    "height": 16,
    "direction": 2,
    "spritePath": "/sprites/womanSheet.png",
    "tombText": "Looks like this is my fate... . DEATH ;-()",
    "tombId": 1,
    "isSign": false
  }
}